temp	layout	bb	ratio
0.015	col	bit	0.0004840445024030329
0.015	col	byte	0.0005344503514426905
0.015	random	bit	0.0017029459128126072
0.015	random	byte	0.0015908022968071935
0.015	row	bit	0.0004988900965041751
0.015	row	byte	0.0005537173094868656
0.015	spacefill	bit	0.0005906983758138707
0.015	spacefill	byte	0.000670345082306307
0.015	spiral	bit	0.0009844972930231177
0.015	spiral	byte	0.0009398171628428651
0.06535353535353536	col	bit	0.0003910642025064051
0.06535353535353536	col	byte	0.0004349163195524911
0.06535353535353536	random	bit	0.001380249577877252
0.06535353535353536	random	byte	0.0014933222382812756
0.06535353535353536	row	bit	0.00038168803781094685
0.06535353535353536	row	byte	0.0004256656018973354
0.06535353535353536	spacefill	bit	0.00046724554065700346
0.06535353535353536	spacefill	byte	0.0005154531031723697
0.06535353535353536	spiral	bit	0.0008254931667293047
0.06535353535353536	spiral	byte	0.0007511883301955721
0.11570707070707072	col	bit	0.0004840445024030329
0.11570707070707072	col	byte	0.0005376790019979249
0.11570707070707072	random	bit	0.0017002111981097652
0.11570707070707072	random	byte	0.001619254554085283
0.11570707070707072	row	bit	0.0004988900965041751
0.11570707070707072	row	byte	0.0005536286868414974
0.11570707070707072	spacefill	bit	0.0005906983758138707
0.11570707070707072	spacefill	byte	0.000670632027043491
0.11570707070707072	spiral	bit	0.0009844972930231177
0.11570707070707072	spiral	byte	0.0009397751374398416
0.16606060606060608	col	bit	0.0003910642025064051
0.16606060606060608	col	byte	0.00043495225352584307
0.16606060606060608	random	bit	0.0013724361072977034
0.16606060606060608	random	byte	0.0013007943070777186
0.16606060606060608	row	bit	0.00038168803781094685
0.16606060606060608	row	byte	0.0004263669389545861
0.16606060606060608	spacefill	bit	0.00046724554065700346
0.16606060606060608	spacefill	byte	0.0005183918139930139
0.16606060606060608	spiral	bit	0.0008254931667293047
0.16606060606060608	spiral	byte	0.0007554236262726477
0.21641414141414145	col	bit	0.0004840445024030329
0.21641414141414145	col	byte	0.0005376353864481689
0.21641414141414145	random	bit	0.0016970858098779458
0.21641414141414145	random	byte	0.001535249994724852
0.21641414141414145	row	bit	0.0004988900965041751
0.21641414141414145	row	byte	0.0005537985046712649
0.21641414141414145	spacefill	bit	0.0005906983758138707
0.21641414141414145	spacefill	byte	0.0006710378743383326
0.21641414141414145	spiral	bit	0.0009844972930231177
0.21641414141414145	spiral	byte	0.0009401131554379818
0.2667676767676768	col	bit	0.0003910642025064051
0.2667676767676768	col	byte	0.0004320536831220669
0.2667676767676768	random	bit	0.0014005646013840781
0.2667676767676768	random	byte	0.0015019420662888087
0.2667676767676768	row	bit	0.00038168803781094685
0.2667676767676768	row	byte	0.0004262861420267578
0.2667676767676768	spacefill	bit	0.00046724554065700346
0.2667676767676768	spacefill	byte	0.0005181985889725158
0.2667676767676768	spiral	bit	0.0008254931667293047
0.2667676767676768	spiral	byte	0.0007582794914870028
0.31712121212121214	col	bit	0.0004840445024030329
0.31712121212121214	col	byte	0.000537945347227707
0.31712121212121214	random	bit	0.0016912257069432843
0.31712121212121214	random	byte	0.0015758706585327338
0.31712121212121214	row	bit	0.0004988900965041751
0.31712121212121214	row	byte	0.000553842033480879
0.31712121212121214	spacefill	bit	0.0005906983758138707
0.31712121212121214	spacefill	byte	0.0006710898914719541
0.31712121212121214	spiral	bit	0.0009844972930231177
0.31712121212121214	spiral	byte	0.0009364296491377421
0.3674747474747475	col	bit	0.0003910642025064051
0.3674747474747475	col	byte	0.0004349076139767297
0.3674747474747475	random	bit	0.0013880630484568006
0.3674747474747475	random	byte	0.001301128760109385
0.3674747474747475	row	bit	0.00038168803781094685
0.3674747474747475	row	byte	0.00042659538301495194
0.3674747474747475	spacefill	bit	0.00046724554065700346
0.3674747474747475	spacefill	byte	0.0005156590267107758
0.3674747474747475	spiral	bit	0.0008254931667293047
0.3674747474747475	spiral	byte	0.000758147079805894
0.4178282828282829	col	bit	0.0004840445024030329
0.4178282828282829	col	byte	0.0005375014546724078
0.4178282828282829	random	bit	0.0017099780363342009
0.4178282828282829	random	byte	0.0015438727165140555
0.4178282828282829	row	bit	0.0004988900965041751
0.4178282828282829	row	byte	0.0005536429853943014
0.4178282828282829	spacefill	bit	0.0005906983758138707
0.4178282828282829	spacefill	byte	0.0006702610201416345
0.4178282828282829	spiral	bit	0.0009844972930231177
0.4178282828282829	spiral	byte	0.0009400348667477848
0.46818181818181825	col	bit	0.0003613730143041206
0.46818181818181825	col	byte	0.0004141842279809628
0.46818181818181825	random	bit	0.0013286806720522314
0.46818181818181825	random	byte	0.0012720714777473049
0.46818181818181825	row	bit	0.00035824762607230117
0.46818181818181825	row	byte	0.0004140699363394762
0.46818181818181825	spacefill	bit	0.00044536782303426754
0.46818181818181825	spacefill	byte	0.0004964274691807345
0.46818181818181825	spiral	bit	0.0008008807344037268
0.46818181818181825	spiral	byte	0.0007292624187494678
0.5185353535353536	col	bit	0.0004664641935990486
0.5185353535353536	col	byte	0.0005171702712198018
0.5185353535353536	random	bit	0.0016759894393131647
0.5185353535353536	random	byte	0.001525194451377514
0.5185353535353536	row	bit	0.00048365382887405545
0.5185353535353536	row	byte	0.0005406128593875769
0.5185353535353536	spacefill	bit	0.0005676486376042024
0.5185353535353536	spacefill	byte	0.0006436910093941045
0.5185353535353536	spiral	bit	0.0009735584342117497
0.5185353535353536	spiral	byte	0.0008981674475026581
0.568888888888889	col	bit	0.001198586386902748
0.568888888888889	col	byte	0.001312963470679681
0.568888888888889	random	bit	0.0034226907873712437
0.568888888888889	random	byte	0.002963445862544278
0.568888888888889	row	bit	0.0010782589399777004
0.568888888888889	row	byte	0.0012200409735883318
0.568888888888889	spacefill	bit	0.0015001863512733222
0.568888888888889	spacefill	byte	0.0016953365869140252
0.568888888888889	spiral	bit	0.001993216344842836
0.568888888888889	spiral	byte	0.0021578414351851854
0.6192424242424243	col	bit	0.0004645108259541615
0.6192424242424243	col	byte	0.0005271891721383615
0.6192424242424243	random	bit	0.0016638785599148644
0.6192424242424243	random	byte	0.0015458278473846987
0.6192424242424243	row	bit	0.0004774030524104166
0.6192424242424243	row	byte	0.0005344615118725251
0.6192424242424243	spacefill	bit	0.0005887450081689835
0.6192424242424243	spacefill	byte	0.0006747281912653632
0.6192424242424243	spiral	bit	0.000966526310690156
0.6192424242424243	spiral	byte	0.0009305316981003039
0.6695959595959596	col	bit	0.00019143002919893955
0.6695959595959596	col	byte	0.00020369858429483914
0.6695959595959596	random	bit	0.0007887698550054264
0.6695959595959596	random	byte	0.0008514521625793324
0.6695959595959596	row	bit	0.000189085988025075
0.6695959595959596	row	byte	0.00021105683069057432
0.6695959595959596	spacefill	bit	0.00024534297619782457
0.6695959595959596	spacefill	byte	0.00026192295099858125
0.6695959595959596	spiral	bit	0.00041216057307118617
0.6695959595959596	spiral	byte	0.00030543233219402225
0.719949494949495	col	bit	0.0004926393200405363
0.719949494949495	col	byte	0.0005543305848533445
0.719949494949495	random	bit	0.0018064743979916255
0.719949494949495	random	byte	0.0016185604636768177
0.719949494949495	row	bit	0.0005113916494314528
0.719949494949495	row	byte	0.0005752521503733136
0.719949494949495	spacefill	bit	0.0006051532963860355
0.719949494949495	spacefill	byte	0.0006852393333927716
0.719949494949495	spiral	bit	0.001022392625333928
0.719949494949495	spiral	byte	0.0009835137775585725
0.7703030303030304	col	bit	0.0003414486643262718
0.7703030303030304	col	byte	0.0003728609555706735
0.7703030303030304	random	bit	0.0012794558074010756
0.7703030303030304	random	byte	0.0012426536969766216
0.7703030303030304	row	bit	0.00033910462315240724
0.7703030303030304	row	byte	0.0003700139528368646
0.7703030303030304	spacefill	bit	0.00040122171425981823
0.7703030303030304	spacefill	byte	0.00043964762679448474
0.7703030303030304	spiral	bit	0.0006754745316019724
0.7703030303030304	spiral	byte	0.0005646408313490916
0.8206565656565658	col	bit	0.0004828724818161006
0.8206565656565658	col	byte	0.0005292171514368519
0.8206565656565658	random	bit	0.0017662350245069504
0.8206565656565658	random	byte	0.001604481779672271
0.8206565656565658	row	bit	0.0004957647082723557
0.8206565656565658	row	byte	0.0005671625946089014
0.8206565656565658	spacefill	bit	0.0005926517434587578
0.8206565656565658	spacefill	byte	0.0006713454782875592
0.8206565656565658	spiral	bit	0.0010087190518197182
0.8206565656565658	spiral	byte	0.0009163528791632851
0.8710101010101011	col	bit	0.00018244453803245873
0.8710101010101011	col	byte	0.00018950809010400392
0.8710101010101011	random	bit	0.0006836786757104984
0.8710101010101011	random	byte	0.0007400468247809134
0.8710101010101011	row	bit	0.00018439790567734585
0.8710101010101011	row	byte	0.00019101321047363634
0.8710101010101011	spacefill	bit	0.00021018235858985608
0.8710101010101011	spacefill	byte	0.00022678860430876542
0.8710101010101011	spiral	bit	0.0003289471113989941
0.8710101010101011	spiral	byte	0.0002549031801793072
0.9213636363636365	col	bit	0.0004691989083018906
0.9213636363636365	col	byte	0.0005229429395793619
0.9213636363636365	random	bit	0.0016791148275449841
0.9213636363636365	random	byte	0.0015656372110695136
0.9213636363636365	row	bit	0.0004945926876854234
0.9213636363636365	row	byte	0.0005508015199646439
0.9213636363636365	spacefill	bit	0.0005973398258064869
0.9213636363636365	spacefill	byte	0.0006666538020566143
0.9213636363636365	spiral	bit	0.000991138743015734
0.9213636363636365	spiral	byte	0.0008974822113350511
0.9717171717171719	col	bit	0.00049967144356213
0.9717171717171719	col	byte	0.0005654966272165448
0.9717171717171719	random	bit	0.001731074406898982
0.9717171717171719	random	byte	0.0016761515124492014
0.9717171717171719	row	bit	0.0005070942406127011
0.9717171717171719	row	byte	0.0005678364485522353
0.9717171717171719	spacefill	bit	0.0006059346434439903
0.9717171717171719	spacefill	byte	0.0006692568847983391
0.9717171717171719	spiral	bit	0.0010044216430009666
0.9717171717171719	spiral	byte	0.0009130108040824314
1.0220707070707071	col	bit	0.000496936728859288
1.0220707070707071	col	byte	0.000552182923142903
1.0220707070707071	random	bit	0.0017205262216165914
1.0220707070707071	random	byte	0.001553974696882154
1.0220707070707071	row	bit	0.0004731056435916649
1.0220707070707071	row	byte	0.0005217144596536585
1.0220707070707071	spacefill	bit	0.0006039812757991031
1.0220707070707071	spacefill	byte	0.0006598527953532395
1.0220707070707071	spiral	bit	0.0009579314930526526
1.0220707070707071	spiral	byte	0.0008733560917587704
1.0724242424242425	col	bit	0.00041216057307118617
1.0724242424242425	col	byte	0.0004346254522343352
1.0724242424242425	random	bit	0.0013333687543999606
1.0724242424242425	random	byte	0.0014743559721945394
1.0724242424242425	row	bit	0.00040630047013652477
1.0724242424242425	row	byte	0.00041544691283290777
1.0724242424242425	spacefill	bit	0.00048521652298996515
1.0724242424242425	spacefill	byte	0.0005132008273772092
1.0724242424242425	spiral	bit	0.0007684548314986002
1.0724242424242425	spiral	byte	0.0006509284371677591
1.1227777777777779	col	bit	0.0006707864492542433
1.1227777777777779	col	byte	0.0007363853221613091
1.1227777777777779	random	bit	0.0021471417152599424
1.1227777777777779	random	byte	0.0018383778017427284
1.1227777777777779	row	bit	0.0006524247933923042
1.1227777777777779	row	byte	0.0007230957961823308
1.1227777777777779	spacefill	bit	0.0008032247755775913
1.1227777777777779	spacefill	byte	0.0008791882489482506
1.1227777777777779	spiral	bit	0.0011524869104834116
1.1227777777777779	spiral	byte	0.001077807674441699
1.1731313131313132	col	bit	0.000596558478748532
1.1731313131313132	col	byte	0.0006153259462683265
1.1731313131313132	random	bit	0.0017482640421739887
1.1731313131313132	random	byte	0.0016567338996628714
1.1731313131313132	row	bit	0.000615701481668426
1.1731313131313132	row	byte	0.0006310339895868474
1.1731313131313132	spacefill	bit	0.0006985242698116406
1.1731313131313132	spacefill	byte	0.000725301183773051
1.1731313131313132	spiral	bit	0.001104434066419188
1.1731313131313132	spiral	byte	0.0009611704596883217
1.2234848484848484	col	bit	0.003032017258393816
1.2234848484848484	col	byte	0.0035936050544472953
1.2234848484848484	random	bit	0.00851121350230224
1.2234848484848484	random	byte	0.00964965170520993
1.2234848484848484	row	bit	0.0027046328411107316
1.2234848484848484	row	byte	0.0033782898662948267
1.2234848484848484	spacefill	bit	0.004101681380734013
1.2234848484848484	spacefill	byte	0.004977049705028697
1.2234848484848484	spiral	bit	0.004475946621494389
1.2234848484848484	spiral	byte	0.005460755077435626
1.2738383838383838	col	bit	0.0005445988993945342
1.2738383838383838	col	byte	0.0005184544309480549
1.2738383838383838	random	bit	0.0011145915781726012
1.2738383838383838	random	byte	0.0011138065083111718
1.2738383838383838	row	bit	0.000532488019996234
1.2738383838383838	row	byte	0.0005204393366307826
1.2738383838383838	spacefill	bit	0.000567257964075225
1.2738383838383838	spacefill	byte	0.0005548717631722957
1.2738383838383838	spiral	bit	0.0007278247844849478
1.2738383838383838	spiral	byte	0.0006131341629191296
1.3241919191919191	col	bit	0.008658888096255707
1.3241919191919191	col	byte	0.010435751076910879
1.3241919191919191	random	bit	0.02451554529039154
1.3241919191919191	random	byte	0.02801188371929003
1.3241919191919191	row	bit	0.007493118285787062
1.3241919191919191	row	byte	0.009797994742752199
1.3241919191919191	spacefill	bit	0.011679966495838155
1.3241919191919191	spacefill	byte	0.014925090613111409
1.3241919191919191	spiral	bit	0.014092375537273771
1.3241919191919191	spiral	byte	0.018131525167104333
1.3745454545454545	col	bit	0.0011052154134771428
1.3745454545454545	col	byte	0.0011358143767259523
1.3745454545454545	random	bit	0.002427254635536758
1.3745454545454545	random	byte	0.0021816314559326084
1.3745454545454545	row	bit	0.0011145915781726012
1.3745454545454545	row	byte	0.0011406683574084482
1.3745454545454545	spacefill	bit	0.001225933533931168
1.3745454545454545	spacefill	byte	0.0012569006757432721
1.3745454545454545	spiral	bit	0.0016404381481762188
1.3745454545454545	spiral	byte	0.0015051549465922732
1.4248989898989899	col	bit	0.0013896257425727102
1.4248989898989899	col	byte	0.001451447394392026
1.4248989898989899	random	bit	0.0028589488850568156
1.4248989898989899	random	byte	0.0025773730444550455
1.4248989898989899	row	bit	0.0013861096808119133
1.4248989898989899	row	byte	0.0014295520252229402
1.4248989898989899	spacefill	bit	0.0015462858276926587
1.4248989898989899	spacefill	byte	0.0015923398921878962
1.4248989898989899	spiral	bit	0.0019475075419524768
1.4248989898989899	spiral	byte	0.0018439910174046872
1.4752525252525253	col	bit	0.010923231870208877
1.4752525252525253	col	byte	0.014704214456878301
1.4752525252525253	random	bit	0.03409290685327318
1.4752525252525253	random	byte	0.03970525313913484
1.4752525252525253	row	bit	0.013117645082475088
1.4752525252525253	row	byte	0.01567396636860682
1.4752525252525253	spacefill	bit	0.01800965901233044
1.4752525252525253	spacefill	byte	0.022423180247621407
1.4752525252525253	spiral	bit	0.01976651787214193
1.4752525252525253	spiral	byte	0.02548647343469842
1.5256060606060606	col	bit	0.005919875984594962
1.5256060606060606	col	byte	0.006611267985575548
1.5256060606060606	random	bit	0.016010191891023963
1.5256060606060606	random	byte	0.014721485218115213
1.5256060606060606	row	bit	0.005323708179375407
1.5256060606060606	row	byte	0.006522339011113062
1.5256060606060606	spacefill	bit	0.00762868200034223
1.5256060606060606	spacefill	byte	0.008833559158656688
1.5256060606060606	spiral	bit	0.00920231497506331
1.5256060606060606	spiral	byte	0.010319900169900352
1.575959595959596	col	bit	0.002492887788404966
1.575959595959596	col	byte	0.0026831945336052558
1.575959595959596	random	bit	0.004205991212970986
1.575959595959596	random	byte	0.004056332245821377
1.575959595959596	row	bit	0.002493278461933943
1.575959595959596	row	byte	0.002720817234558453
1.575959595959596	spacefill	bit	0.002669862897031741
1.575959595959596	spacefill	byte	0.002858733813692753
1.575959595959596	spiral	bit	0.003166018278833074
1.575959595959596	spiral	byte	0.0031616014948663085
1.6263131313131314	col	bit	0.002783158220435195
1.6263131313131314	col	byte	0.003014634561481415
1.6263131313131314	random	bit	0.004116136301306178
1.6263131313131314	random	byte	0.004107531663512113
1.6263131313131314	row	bit	0.002786283608667014
1.6263131313131314	row	byte	0.0030282293989270233
1.6263131313131314	spacefill	bit	0.0029128618320557005
1.6263131313131314	spacefill	byte	0.0031498772017045196
1.6263131313131314	spiral	bit	0.0033383053051121193
1.6263131313131314	spiral	byte	0.0033577455853884414
1.6766666666666667	col	bit	0.02229691031932873
1.6766666666666667	col	byte	0.02696721916786139
1.6766666666666667	random	bit	0.0545380246452489
1.6766666666666667	random	byte	0.06185578633482362
1.6766666666666667	row	bit	0.01829055327966521
1.6766666666666667	row	byte	0.024737809563729087
1.6766666666666667	spacefill	bit	0.028906715756097826
1.6766666666666667	spacefill	byte	0.03623153587990769
1.6766666666666667	spiral	bit	0.032685700801896485
1.6766666666666667	spiral	byte	0.0429073530310482
1.7270202020202021	col	bit	0.003936817151505539
1.7270202020202021	col	byte	0.004375464377115496
1.7270202020202021	random	bit	0.005034219094403133
1.7270202020202021	random	byte	0.005373648543752152
1.7270202020202021	row	bit	0.003955178807367478
1.7270202020202021	row	byte	0.004389532993075794
1.7270202020202021	spacefill	bit	0.004050112474908993
1.7270202020202021	spacefill	byte	0.0044882624189326245
1.7270202020202021	spiral	bit	0.004336866845178425
1.7270202020202021	spiral	byte	0.004569978916184193
1.7773737373737375	col	bit	0.0053108159529191516
1.7773737373737375	col	byte	0.006011327249264951
1.7773737373737375	random	bit	0.007718927585536016
1.7773737373737375	random	byte	0.007761615679402445
1.7773737373737375	row	bit	0.0052947983382310776
1.7773737373737375	row	byte	0.005979880693590447
1.7773737373737375	spacefill	bit	0.005581552708500509
1.7773737373737375	spacefill	byte	0.006282726702661493
1.7773737373737375	spiral	bit	0.00631797231062296
1.7773737373737375	spiral	byte	0.006724242722015381
1.8277272727272729	col	bit	0.005839006564096634
1.8277272727272729	col	byte	0.006676767875245708
1.8277272727272729	random	bit	0.0076982218885002125
1.8277272727272729	random	byte	0.008113782150406963
1.8277272727272729	row	bit	0.005855024178784709
1.8277272727272729	row	byte	0.006645062210138086
1.8277272727272729	spacefill	bit	0.006019888408013183
1.8277272727272729	spacefill	byte	0.0068395001424971695
1.8277272727272729	spiral	bit	0.00656253393976283
1.8277272727272729	spiral	byte	0.007065219763988189
1.8780808080808082	col	bit	0.030394009880914896
1.8780808080808082	col	byte	0.040424141704599695
1.8780808080808082	random	bit	0.08396668023606058
1.8780808080808082	random	byte	0.09351252600873151
1.8780808080808082	row	bit	0.03733315310261197
1.8780808080808082	row	byte	0.0447302291957647
1.8780808080808082	spacefill	bit	0.0459881344635779
1.8780808080808082	spacefill	byte	0.056749120540102754
1.8780808080808082	spiral	bit	0.052300637344795176
1.8780808080808082	spiral	byte	0.0679302409812053
1.9284343434343436	col	bit	0.007857616688323002
1.9284343434343436	col	byte	0.008982409614616965
1.9284343434343436	random	bit	0.009640260001047006
1.9284343434343436	random	byte	0.010400714927140769
1.9284343434343436	row	bit	0.007847849850098567
1.9284343434343436	row	byte	0.009029388068360586
1.9284343434343436	spacefill	bit	0.007974037399958276
1.9284343434343436	spacefill	byte	0.009116132735519374
1.9284343434343436	spiral	bit	0.00844128294061528
1.9284343434343436	spiral	byte	0.009295222581384103
1.978787878787879	col	bit	0.042530283058598684
1.978787878787879	col	byte	0.0498138495904691
1.978787878787879	random	bit	0.09364561691647634
1.978787878787879	random	byte	0.0987441747095995
1.978787878787879	row	bit	0.034719547193752975
1.978787878787879	row	byte	0.04513382477541863
1.978787878787879	spacefill	bit	0.05105868619617593
1.978787878787879	spacefill	byte	0.06235518770438338
1.978787878787879	spiral	bit	0.058792850049342066
1.978787878787879	spiral	byte	0.07376912005890819
2.0291414141414146	col	bit	0.010341909659090464
2.0291414141414146	col	byte	0.011912475937286136
2.0291414141414146	random	bit	0.012063998574822966
2.0291414141414146	random	byte	0.013341526776249111
2.0291414141414146	row	bit	0.01034425370026433
2.0291414141414146	row	byte	0.011901146506452303
2.0291414141414146	spacefill	bit	0.01050677388831894
2.0291414141414146	spacefill	byte	0.012073409824946474
2.0291414141414146	spiral	bit	0.010831423590899182
2.0291414141414146	spiral	byte	0.012126973247900652
2.0794949494949497	col	bit	0.01171122037815635
2.0794949494949497	col	byte	0.013499048179023846
2.0794949494949497	random	bit	0.01295043681207275
2.0794949494949497	random	byte	0.014766268076651552
2.0794949494949497	row	bit	0.011645196551759164
2.0794949494949497	row	byte	0.01350470556288449
2.0794949494949497	spacefill	bit	0.011822171660385938
2.0794949494949497	spacefill	byte	0.013594262649958925
2.0794949494949497	spiral	bit	0.01201946179251954
2.0794949494949497	spiral	byte	0.013649389738051644
2.1298484848484853	col	bit	0.01380991857582309
2.1298484848484853	col	byte	0.016112657284379762
2.1298484848484853	random	bit	0.01636453278180649
2.1298484848484853	random	byte	0.01789916464504051
2.1298484848484853	row	bit	0.013834921681677647
2.1298484848484853	row	byte	0.016069063433404546
2.1298484848484853	spacefill	bit	0.014176761019532896
2.1298484848484853	spacefill	byte	0.016310968789116368
2.1298484848484853	spiral	bit	0.014642443866073988
2.1298484848484853	spiral	byte	0.016570800627486802
2.1802020202020205	col	bit	0.015381988856428259
2.1802020202020205	col	byte	0.017832724827545554
2.1802020202020205	random	bit	0.017677195839170646
2.1802020202020205	random	byte	0.01952204889826457
2.1802020202020205	row	bit	0.015372612691732802
2.1802020202020205	row	byte	0.0178509737522901
2.1802020202020205	spacefill	bit	0.015654678979654505
2.1802020202020205	spacefill	byte	0.01799757394114534
2.1802020202020205	spiral	bit	0.01602777219982795
2.1802020202020205	spiral	byte	0.01828870970677636
2.230555555555556	col	bit	0.017742438318509877
2.230555555555556	col	byte	0.02048551243075727
2.230555555555556	random	bit	0.020622092900602497
2.230555555555556	random	byte	0.022448313079730692
2.230555555555556	row	bit	0.017688525371510992
2.230555555555556	row	byte	0.020297027915858936
2.230555555555556	spacefill	bit	0.018031536729953175
2.230555555555556	spacefill	byte	0.020718772833260072
2.230555555555556	spiral	bit	0.018438618547147654
2.230555555555556	spiral	byte	0.02100879468375301
2.280909090909091	col	bit	0.020379484639107513
2.280909090909091	col	byte	0.023476178246821983
2.280909090909091	random	bit	0.02419480232310107
2.280909090909091	random	byte	0.025952218693296492
2.280909090909091	row	bit	0.02041073852142571
2.280909090909091	row	byte	0.02348104223605421
2.280909090909091	spacefill	bit	0.020787738476888928
2.280909090909091	spacefill	byte	0.02379458803310267
2.280909090909091	spiral	bit	0.021535096937822747
2.280909090909091	spiral	byte	0.02438363320973497
2.331262626262627	col	bit	0.023102479136080184
2.331262626262627	col	byte	0.026400292673915145
2.331262626262627	random	bit	0.02769875320449962
2.331262626262627	random	byte	0.029343815153955982
2.331262626262627	row	bit	0.023067709192001195
2.331262626262627	row	byte	0.026334958032149473
2.331262626262627	spacefill	bit	0.02360136923258436
2.331262626262627	spacefill	byte	0.02686188114669102
2.331262626262627	spiral	bit	0.02441514219344434
2.331262626262627	spiral	byte	0.027394394432999743
2.381616161616162	col	bit	0.025273842610136727
2.381616161616162	col	byte	0.02875469304810656
2.381616161616162	random	bit	0.028537529271214158
2.381616161616162	random	byte	0.030815839925188365
2.381616161616162	row	bit	0.025301580430694127
2.381616161616162	row	byte	0.02874834015567368
2.381616161616162	spacefill	bit	0.02560474308918061
2.381616161616162	spacefill	byte	0.028898137280863784
2.381616161616162	spiral	bit	0.02611808810625695
2.381616161616162	spiral	byte	0.02948590351252263
2.431969696969697	col	bit	0.027847990492569
2.431969696969697	col	byte	0.03142324918048294
2.431969696969697	random	bit	0.03073350517759628
2.431969696969697	random	byte	0.03334356186642701
2.431969696969697	row	bit	0.027774153195592264
2.431969696969697	row	byte	0.031482383462472896
2.431969696969697	spacefill	bit	0.028039029848238962
2.431969696969697	spacefill	byte	0.031567606405588616
2.431969696969697	spiral	bit	0.028469552077172087
2.431969696969697	spiral	byte	0.032022304621605546
2.4823232323232327	col	bit	0.03151875897084091
2.4823232323232327	col	byte	0.03532278153040538
2.4823232323232327	random	bit	0.03535556369892823
2.4823232323232327	random	byte	0.037796828083986156
2.4823232323232327	row	bit	0.0314859423944068
2.4823232323232327	row	byte	0.03531791541793963
2.4823232323232327	spacefill	bit	0.03174964702646657
2.4823232323232327	spacefill	byte	0.03554262709665398
2.4823232323232327	spiral	bit	0.03245832880803162
2.4823232323232327	spiral	byte	0.03626330813707927
2.532676767676768	col	bit	0.03486253370535871
2.532676767676768	col	byte	0.03875667142421488
2.532676767676768	random	bit	0.03834187215443168
2.532676767676768	random	byte	0.04103949245971655
2.532676767676768	row	bit	0.034840655987735974
2.532676767676768	row	byte	0.038764842251090066
2.532676767676768	spacefill	bit	0.035060995858079244
2.532676767676768	spacefill	byte	0.03888932563495599
2.532676767676768	spiral	bit	0.03559465589866241
2.532676767676768	spiral	byte	0.03913284255983895
2.5830303030303035	col	bit	0.0385180659160005
2.5830303030303035	col	byte	0.04247605839989639
2.5830303030303035	random	bit	0.04231424059707417
2.5830303030303035	random	byte	0.04484499930373941
2.5830303030303035	row	bit	0.03855361720713745
2.5830303030303035	row	byte	0.042432572848101355
2.5830303030303035	spacefill	bit	0.03871105863931535
2.5830303030303035	spacefill	byte	0.04262258598137332
2.5830303030303035	spiral	bit	0.039209948735819525
2.5830303030303035	spiral	byte	0.043239283788297916
2.6333838383838386	col	bit	0.05641521095198544
2.6333838383838386	col	byte	0.061166465817862156
2.6333838383838386	random	bit	0.09082651673137522
2.6333838383838386	random	byte	0.08552560992951909
2.6333838383838386	row	bit	0.0588061329493273
2.6333838383838386	row	byte	0.0642575757245199
2.6333838383838386	spacefill	bit	0.06273904336554306
2.6333838383838386	spacefill	byte	0.06835096385213972
2.6333838383838386	spiral	bit	0.06938244672580422
2.6333838383838386	spiral	byte	0.0724508589467413
2.683737373737374	col	bit	0.047446909420779615
2.683737373737374	col	byte	0.05129797143343216
2.683737373737374	random	bit	0.05287063002357324
2.683737373737374	random	byte	0.05547308124704066
2.683737373737374	row	bit	0.04730587627681876
2.683737373737374	row	byte	0.051283711075819666
2.683737373737374	spacefill	bit	0.04768482959992686
2.683737373737374	spacefill	byte	0.05154991969676219
2.683737373737374	spiral	bit	0.048272793261037894
2.683737373737374	spiral	byte	0.052407679054205195
2.7340909090909093	col	bit	0.051379819836995376
2.7340909090909093	col	byte	0.05515878018854591
2.7340909090909093	random	bit	0.05605618197885519
2.7340909090909093	random	byte	0.05829770172487062
2.7340909090909093	row	bit	0.05139075869580675
2.7340909090909093	row	byte	0.05522934651766749
2.7340909090909093	spacefill	bit	0.0515732032338392
2.7340909090909093	spacefill	byte	0.05540747282677885
2.7340909090909093	spiral	bit	0.05176267989539326
2.7340909090909093	spiral	byte	0.05609484821839315
2.784444444444445	col	bit	0.05699379844840101
2.784444444444445	col	byte	0.060746223418751605
2.784444444444445	random	bit	0.06353054793525133
2.784444444444445	random	byte	0.06493593723337436
2.784444444444445	row	bit	0.05693715078669929
2.784444444444445	row	byte	0.06074475147924261
2.784444444444445	spacefill	bit	0.05712506475413743
2.784444444444445	spacefill	byte	0.06118062784458993
2.784444444444445	spiral	bit	0.057887659482701366
2.784444444444445	spiral	byte	0.06191449482035441
2.83479797979798	col	bit	0.06209482271625928
2.83479797979798	col	byte	0.06570221293415335
2.83479797979798	random	bit	0.06903982604089101
2.83479797979798	random	byte	0.07051907325609497
2.83479797979798	row	bit	0.0620893532868536
2.83479797979798	row	byte	0.06560269325534672
2.83479797979798	spacefill	bit	0.06229601958368266
2.83479797979798	spacefill	byte	0.0661953662043154
2.83479797979798	spiral	bit	0.06311096456512957
2.83479797979798	spiral	byte	0.06708710631532609
2.8851515151515157	col	bit	0.0676279319071666
2.8851515151515157	col	byte	0.07100896719884439
2.8851515151515157	random	bit	0.0749280574696388
2.8851515151515157	random	byte	0.07591759900369612
2.8851515151515157	row	bit	0.06763418268363024
2.8851515151515157	row	byte	0.07097626347772663
2.8851515151515157	spacefill	bit	0.06793109456565308
2.8851515151515157	spacefill	byte	0.07146535977286003
2.8851515151515157	spiral	bit	0.0684292033150993
2.8851515151515157	spiral	byte	0.07200470310727002
2.935505050505051	col	bit	0.07395059230013729
2.935505050505051	col	byte	0.07640559924079561
2.935505050505051	random	bit	0.08212074781164223
2.935505050505051	random	byte	0.08307415839506806
2.935505050505051	row	bit	0.073972860691289
2.935505050505051	row	byte	0.07680749677831887
2.935505050505051	spacefill	bit	0.07409826689409076
2.935505050505051	spacefill	byte	0.0774024726224574
2.935505050505051	spiral	bit	0.07474639427866431
2.935505050505051	spiral	byte	0.07792638752689843
2.9858585858585864	col	bit	0.0957544726258965
2.9858585858585864	col	byte	0.09815441889578098
2.9858585858585864	random	bit	0.1397368891917043
2.9858585858585864	random	byte	0.12804816366037997
2.9858585858585864	row	bit	0.09758712215032961
2.9858585858585864	row	byte	0.10036393000758415
2.9858585858585864	spacefill	bit	0.1001679114827545
2.9858585858585864	spacefill	byte	0.10374909706895391
2.9858585858585864	spiral	bit	0.11123686457927195
2.9858585858585864	spiral	byte	0.10990766173742564
3.0362121212121216	col	bit	0.08694595656804244
3.0362121212121216	col	byte	0.08893050656387505
3.0362121212121216	random	bit	0.09607248087848412
3.0362121212121216	random	byte	0.09586217009117758
3.0362121212121216	row	bit	0.08692368817689072
3.0362121212121216	row	byte	0.08899452418635959
3.0362121212121216	spacefill	bit	0.08684750683874012
3.0362121212121216	spacefill	byte	0.08929115235983344
3.0362121212121216	spiral	bit	0.08778551398181493
3.0362121212121216	spiral	byte	0.08965571675179118
3.086565656565657	col	bit	0.09523761154705936
3.086565656565657	col	byte	0.09664404320671985
3.086565656565657	random	bit	0.10749499351872616
3.086565656565657	random	byte	0.10603485801542707
3.086565656565657	row	bit	0.09518994937652411
3.086565656565657	row	byte	0.09655603916311843
3.086565656565657	spacefill	bit	0.09507352866488884
3.086565656565657	spacefill	byte	0.09727029283464607
3.086565656565657	spiral	bit	0.09696126315690777
3.086565656565657	spiral	byte	0.0982773356396346
3.1369191919191923	col	bit	0.10233771226269513
3.1369191919191923	col	byte	0.10338559137099906
3.1369191919191923	random	bit	0.11480566726648075
3.1369191919191923	random	byte	0.11322877460783201
3.1369191919191923	row	bit	0.10233419620093434
3.1369191919191923	row	byte	0.10316936234582266
3.1369191919191923	spacefill	bit	0.10207439830416434
3.1369191919191923	spacefill	byte	0.10406100698941381
3.1369191919191923	spiral	bit	0.10379492452578094
3.1369191919191923	spiral	byte	0.10462371063097456
3.187272727272728	col	bit	0.11049341285362792
3.187272727272728	col	byte	0.11080606936857815
3.187272727272728	random	bit	0.12402321850917418
3.187272727272728	random	byte	0.1227304416576445
3.187272727272728	row	bit	0.11051450922419269
3.187272727272728	row	byte	0.11006019723555467
3.187272727272728	spacefill	bit	0.11013750926872948
3.187272727272728	spacefill	byte	0.1114440828825537
3.187272727272728	spiral	bit	0.1119056976608813
3.187272727272728	spiral	byte	0.11227427355994997
3.237626262626263	col	bit	0.11917222529986146
3.237626262626263	col	byte	0.1187559825317347
3.237626262626263	random	bit	0.1342760546036578
3.237626262626263	random	byte	0.13099572875599927
3.237626262626263	row	bit	0.11915581701164442
3.237626262626263	row	byte	0.11871411401935343
3.237626262626263	spacefill	bit	0.11849714144178847
3.237626262626263	spacefill	byte	0.11946273743734552
3.237626262626263	spiral	bit	0.12088142198913772
3.237626262626263	spiral	byte	0.1204264099037139
3.2879797979797982	col	bit	0.13267429313485035
3.2879797979797982	col	byte	0.1318323539643701
3.2879797979797982	random	bit	0.15954442778438885
3.2879797979797982	random	byte	0.1508308205092657
3.2879797979797982	row	bit	0.13260162785846055
3.2879797979797982	row	byte	0.13143342515167494
3.2879797979797982	spacefill	bit	0.13214063309426718
3.2879797979797982	spacefill	byte	0.13250858677007005
3.2879797979797982	spiral	bit	0.13822068522574288
3.2879797979797982	spiral	byte	0.13617052411864555
3.338333333333334	col	bit	0.13789994225845242
3.338333333333334	col	byte	0.13638952402336776
3.338333333333334	random	bit	0.15625065926158016
3.338333333333334	random	byte	0.15122370690689993
3.338333333333334	row	bit	0.13803980338182634
3.338333333333334	row	byte	0.1364452541327165
3.338333333333334	spacefill	bit	0.1370158480623765
3.338333333333334	spacefill	byte	0.13695453213900366
3.338333333333334	spiral	bit	0.1399806694737862
3.338333333333334	spiral	byte	0.13837139226244285
3.388686868686869	col	bit	0.14739330901260392
3.388686868686869	col	byte	0.14490849786682478
3.388686868686869	random	bit	0.16721920926115041
3.388686868686869	random	byte	0.1605239407406761
3.388686868686869	row	bit	0.14736518051851755
3.388686868686869	row	byte	0.1446336678847035
3.388686868686869	spacefill	bit	0.1460661910346676
3.388686868686869	spacefill	byte	0.14532140986849762
3.388686868686869	spiral	bit	0.14954474813668261
3.388686868686869	spiral	byte	0.14711114571199277
3.4390404040404046	col	bit	0.15866111493537088
3.4390404040404046	col	byte	0.15514459133168484
3.4390404040404046	random	bit	0.18072518383142905
3.4390404040404046	random	byte	0.17406485169020758
3.4390404040404046	row	bit	0.1586466600147987
3.4390404040404046	row	byte	0.1552702189485754
3.4390404040404046	spacefill	bit	0.15731290058686978
3.4390404040404046	spacefill	byte	0.15563968085253435
3.4390404040404046	spiral	bit	0.16130402135890318
3.4390404040404046	spiral	byte	0.1577855398749553
3.4893939393939397	col	bit	0.17046609696048182
3.4893939393939397	col	byte	0.1659841001291637
3.4893939393939397	random	bit	0.19696821714572357
3.4893939393939397	random	byte	0.18569275701910998
3.4893939393939397	row	bit	0.17048836535163353
3.4893939393939397	row	byte	0.16595396759669287
3.4893939393939397	spacefill	bit	0.16869634587421406
3.4893939393939397	spacefill	byte	0.1662553918456312
3.4893939393939397	spiral	bit	0.17386261262141156
3.4893939393939397	spiral	byte	0.16953870196305787
3.5397474747474753	col	bit	0.18163701584806238
3.5397474747474753	col	byte	0.1758947481325138
3.5397474747474753	random	bit	0.20699016518458152
3.5397474747474753	random	byte	0.19729501206479896
3.5397474747474753	row	bit	0.1815846655951794
3.5397474747474753	row	byte	0.17584896625675459
3.5397474747474753	spacefill	bit	0.17946057361812912
3.5397474747474753	spacefill	byte	0.1761260031247716
3.5397474747474753	spiral	bit	0.1846135574653414
3.5397474747474753	spiral	byte	0.1793886003913732
3.5901010101010105	col	bit	0.19423037705464977
3.5901010101010105	col	byte	0.18711753054845748
3.5901010101010105	random	bit	0.2204887169578096
3.5901010101010105	random	byte	0.21221015684345632
3.5901010101010105	row	bit	0.19429601020751797
3.5901010101010105	row	byte	0.187360335652856
3.5901010101010105	spacefill	bit	0.191682404298659
3.5901010101010105	spacefill	byte	0.18726213854971396
3.5901010101010105	spiral	bit	0.19800584603868762
3.5901010101010105	spiral	byte	0.19121465923634773
3.640454545454546	col	bit	0.20705853305215258
3.640454545454546	col	byte	0.19855757149501765
3.640454545454546	random	bit	0.23343055895224485
3.640454545454546	random	byte	0.22705102855718595
3.640454545454546	row	bit	0.20692765741994512
3.640454545454546	row	byte	0.19860093263883105
3.640454545454546	spacefill	bit	0.20386712099393597
3.640454545454546	spacefill	byte	0.1985726904864337
3.640454545454546	spiral	bit	0.21075391396275006
3.640454545454546	spiral	byte	0.20272072271311323
3.690808080808081	col	bit	0.22102237699839278
3.690808080808081	col	byte	0.2114659163706249
3.690808080808081	random	bit	0.24723305473101737
3.690808080808081	random	byte	0.24294577022768069
3.690808080808081	row	bit	0.22099893658665412
3.690808080808081	row	byte	0.21137491044330248
3.690808080808081	spacefill	bit	0.21541543051050874
3.690808080808081	spacefill	byte	0.21098084234326644
3.690808080808081	spiral	bit	0.22500529362631763
3.690808080808081	spiral	byte	0.21582824902828499
3.741161616161617	col	bit	0.23503974321810286
3.741161616161617	col	byte	0.22488890633244807
3.741161616161617	random	bit	0.2634022507483351
3.741161616161617	random	byte	0.26122256143467226
3.741161616161617	row	bit	0.23524054941199726
3.741161616161617	row	byte	0.22428104691708814
3.741161616161617	spacefill	bit	0.22764663735573404
3.741161616161617	spacefill	byte	0.22366790672511133
3.741161616161617	spiral	bit	0.23593594829357709
3.741161616161617	spiral	byte	0.22923546332330835
3.791515151515152	col	bit	0.25136989672935933
3.791515151515152	col	byte	0.23924506486017347
3.791515151515152	random	bit	0.28154747347522074
3.791515151515152	random	byte	0.2799875821194152
3.791515151515152	row	bit	0.2511046294031837
3.791515151515152	row	byte	0.23889864327360302
3.791515151515152	spacefill	bit	0.24387599709651434
3.791515151515152	spacefill	byte	0.2381862625630654
3.791515151515152	spiral	bit	0.25160469152027476
3.791515151515152	spiral	byte	0.24515068246153646
3.8418686868686875	col	bit	0.27208028184751076
3.8418686868686875	col	byte	0.2589563717120103
3.8418686868686875	random	bit	0.307677672460876
3.8418686868686875	random	byte	0.31268903659584807
3.8418686868686875	row	bit	0.2691994552448312
3.8418686868686875	row	byte	0.25854876638192914
3.8418686868686875	spacefill	bit	0.26017450605192366
3.8418686868686875	spacefill	byte	0.2588248264579966
3.8418686868686875	spiral	bit	0.2735195231282636
3.8418686868686875	spiral	byte	0.26979793933559415
3.8922222222222227	col	bit	0.2815103594899679
3.8922222222222227	col	byte	0.27049309545489464
3.8922222222222227	random	bit	0.31628421030424875
3.8922222222222227	random	byte	0.3211434116915726
3.8922222222222227	row	bit	0.28254095625941034
3.8922222222222227	row	byte	0.26939094287882476
3.8922222222222227	spacefill	bit	0.27057462606683175
3.8922222222222227	spacefill	byte	0.2709261825263519
3.8922222222222227	spiral	bit	0.2831269665528765
3.8922222222222227	spiral	byte	0.28076296474700635
3.9425757575757583	col	bit	0.29777487984835616
3.9425757575757583	col	byte	0.2872463810296466
3.9425757575757583	random	bit	0.3384803268531013
3.9425757575757583	random	byte	0.34564448621540206
3.9425757575757583	row	bit	0.30034863705725945
3.9425757575757583	row	byte	0.2874642423007213
3.9425757575757583	spacefill	bit	0.28596794445560036
3.9425757575757583	spacefill	byte	0.28524229515700783
3.9425757575757583	spiral	bit	0.3001126702457571
3.9425757575757583	spiral	byte	0.29848888125697604
3.9929292929292934	col	bit	0.3164768123540346
3.9929292929292934	col	byte	0.3060829151495114
3.9929292929292934	random	bit	0.36227898621781923
3.9929292929292934	random	byte	0.37250679559815447
3.9929292929292934	row	bit	0.3164432144305425
3.9929292929292934	row	byte	0.30462045213315525
3.9929292929292934	spacefill	bit	0.30208830628179595
3.9929292929292934	spacefill	byte	0.3075820028351957
3.9929292929292934	spiral	bit	0.31884234057199295
3.9929292929292934	spiral	byte	0.3185210325649446
4.043282828282829	col	bit	0.33526156764785625
4.043282828282829	col	byte	0.3280704562485904
4.043282828282829	random	bit	0.38656559682023
4.043282828282829	random	byte	0.4009283416937418
4.043282828282829	row	bit	0.33489980396002317
4.043282828282829	row	byte	0.32624408102300584
4.043282828282829	spacefill	bit	0.319499062774204
4.043282828282829	spacefill	byte	0.32642152270598185
4.043282828282829	spiral	bit	0.3382006046063534
4.043282828282829	spiral	byte	0.33846189106410784
4.093636363636364	col	bit	0.35471554669681626
4.093636363636364	col	byte	0.3515961585823468
4.093636363636364	random	bit	0.414240518939462
4.093636363636364	random	byte	0.43123679806250936
4.093636363636364	row	bit	0.35427642965024564
4.093636363636364	row	byte	0.3508427743776803
4.093636363636364	spacefill	bit	0.3377474233127396
4.093636363636364	spacefill	byte	0.347037717265733
4.093636363636364	spiral	bit	0.35840233278977623
4.093636363636364	spiral	byte	0.3600844162151602
4.143989898989899	col	bit	0.38041561412706737
4.143989898989899	col	byte	0.37395412214645674
4.143989898989899	random	bit	0.45501120842354636
4.143989898989899	random	byte	0.47622249560006014
4.143989898989899	row	bit	0.37989836237470126
4.143989898989899	row	byte	0.3775520378094231
4.143989898989899	spacefill	bit	0.3594501191944937
4.143989898989899	spacefill	byte	0.37040911254853487
4.143989898989899	spiral	bit	0.3840270002289347
4.143989898989899	spiral	byte	0.3872145726688972
4.194343434343434	col	bit	0.40078494125442143
4.194343434343434	col	byte	0.4000271619436477
4.194343434343434	random	bit	0.48354522163299973
4.194343434343434	random	byte	0.5043693945148032
4.194343434343434	row	bit	0.40066383246043846
4.194343434343434	row	byte	0.4002681994428584
4.194343434343434	spacefill	bit	0.37865484853196607
4.194343434343434	spacefill	byte	0.3914891914695528
4.194343434343434	spiral	bit	0.40473933871473095
4.194343434343434	spiral	byte	0.4103173768779032
4.24469696969697	col	bit	0.4283278157208591
4.24469696969697	col	byte	0.42968021291238034
4.24469696969697	random	bit	0.5294368597349202
4.24469696969697	random	byte	0.5527738476702444
4.24469696969697	row	bit	0.42802738777707544
4.24469696969697	row	byte	0.42900736254437427
4.24469696969697	spacefill	bit	0.4028015980110029
4.24469696969697	spacefill	byte	0.41745021988016595
4.24469696969697	spiral	bit	0.4329194017069308
4.24469696969697	spiral	byte	0.43874834209362873
4.295050505050505	col	bit	0.4595664617714232
4.295050505050505	col	byte	0.4607758630087804
4.295050505050505	random	bit	0.5881765781843213
4.295050505050505	random	byte	0.614288142422106
4.295050505050505	row	bit	0.45918438306008325
4.295050505050505	row	byte	0.4609804352604968
4.295050505050505	spacefill	bit	0.4290747835082639
4.295050505050505	spacefill	byte	0.44638758203012296
4.295050505050505	spiral	bit	0.4654058590090488
4.295050505050505	spiral	byte	0.4716321370755043
4.34540404040404	col	bit	0.48597091357442057
4.34540404040404	col	byte	0.4889484006418537
4.34540404040404	random	bit	0.6319300600621484
4.34540404040404	random	byte	0.6592500302926543
4.34540404040404	row	bit	0.48628149902995765
4.34540404040404	row	byte	0.4890355837179891
4.34540404040404	spacefill	bit	0.45353289978989575
4.34540404040404	spacefill	byte	0.4711319750278275
4.34540404040404	spiral	bit	0.49282879670209034
4.34540404040404	spiral	byte	0.4996955209937729
4.3957575757575755	col	bit	0.5271842361668363
4.3957575757575755	col	byte	0.5299705716820927
4.3957575757575755	random	bit	0.715704528921952
4.3957575757575755	random	byte	0.74248005458267
4.3957575757575755	row	bit	0.5265646279498781
4.3957575757575755	row	byte	0.5298051592126641
4.3957575757575755	spacefill	bit	0.4891408385885434
4.3957575757575755	spacefill	byte	0.5073155619239836
4.3957575757575755	spiral	bit	0.5370440546911687
4.3957575757575755	spiral	byte	0.5404682084684163
4.446111111111112	col	bit	0.5693652570905292
4.446111111111112	col	byte	0.5734729738921429
4.446111111111112	random	bit	0.8097224577115438
4.446111111111112	random	byte	0.8374180840458871
4.446111111111112	row	bit	0.5700880031191374
4.446111111111112	row	byte	0.5746602334204497
4.446111111111112	spacefill	bit	0.5267419937320339
4.446111111111112	spacefill	byte	0.5460059244226961
4.446111111111112	spiral	bit	0.5858997328574409
4.446111111111112	spiral	byte	0.5881238238149367
4.496464646464647	col	bit	0.6019235983219791
4.496464646464647	col	byte	0.6064529748104689
4.496464646464647	random	bit	0.8628747633495099
4.496464646464647	random	byte	0.8856236445614867
4.496464646464647	row	bit	0.6018599185367557
4.496464646464647	row	byte	0.6063569175084476
4.496464646464647	spacefill	bit	0.5558569384790767
4.496464646464647	spacefill	byte	0.5747202616723298
4.496464646464647	spiral	bit	0.620493873848392
4.496464646464647	spiral	byte	0.6193109485418062
4.546818181818182	col	bit	0.6388367773809402
4.546818181818182	col	byte	0.6408522307067448
4.546818181818182	random	bit	0.9232228847177111
4.546818181818182	random	byte	0.9362708925311872
4.546818181818182	row	bit	0.6386437846576254
4.546818181818182	row	byte	0.6406190019630352
4.546818181818182	spacefill	bit	0.5894294681917519
4.546818181818182	spacefill	byte	0.6067756940501052
4.546818181818182	spiral	bit	0.6605019686039125
4.546818181818182	spiral	byte	0.6554740872277725
4.597171717171717	col	bit	0.6648927483960898
4.597171717171717	col	byte	0.6693705043694455
4.597171717171717	random	bit	0.9553053855908664
4.597171717171717	random	byte	0.9583117367173531
4.597171717171717	row	bit	0.6647669515197591
4.597171717171717	row	byte	0.6671602685747272
4.597171717171717	spacefill	bit	0.6159335417446385
4.597171717171717	spacefill	byte	0.6325977830124127
4.597171717171717	spiral	bit	0.6890766118603795
4.597171717171717	spiral	byte	0.6820918963687732
4.647525252525253	col	bit	0.6896415257832809
4.647525252525253	col	byte	0.6931470215831527
4.647525252525253	random	bit	0.9830088268777137
4.647525252525253	random	byte	0.9799370811962578
4.647525252525253	row	bit	0.6886203051785339
4.647525252525253	row	byte	0.6891975433613781
4.647525252525253	spacefill	bit	0.6415156257691386
4.647525252525253	spacefill	byte	0.6563153711975186
4.647525252525253	spiral	bit	0.7172683950584486
4.647525252525253	spiral	byte	0.7025396851798484
4.697878787878788	col	bit	0.7052454172041683
4.697878787878788	col	byte	0.7108265221699958
4.697878787878788	random	bit	0.9863819021269048
4.697878787878788	random	byte	0.9779319737841045
4.697878787878788	row	bit	0.7063439911676529
4.697878787878788	row	byte	0.7106961715076152
4.697878787878788	spacefill	bit	0.6590275667055517
4.697878787878788	spacefill	byte	0.6743765035437327
4.697878787878788	spiral	bit	0.7325566222679224
4.697878787878788	spiral	byte	0.7234112393046688
4.748232323232323	col	bit	0.7213548401715526
4.748232323232323	col	byte	0.7287829731870409
4.748232323232323	random	bit	0.996124127919015
4.748232323232323	random	byte	0.9899490177581415
4.748232323232323	row	bit	0.7197921460556429
4.748232323232323	row	byte	0.7286143408173925
4.748232323232323	spacefill	bit	0.6764137107656342
4.748232323232323	spacefill	byte	0.6918196863711922
4.748232323232323	spiral	bit	0.7491024275671744
4.748232323232323	spiral	byte	0.7399890951603768
4.7985858585858585	col	bit	0.7344400593511226
4.7985858585858585	col	byte	0.7434924261456948
4.7985858585858585	random	bit	0.9983568271371209
4.7985858585858585	random	byte	0.9927109826021822
4.7985858585858585	row	bit	0.7350401338916318
4.7985858585858585	row	byte	0.7425030734863965
4.7985858585858585	spacefill	bit	0.6915448872164589
4.7985858585858585	spacefill	byte	0.7060307247287796
4.7985858585858585	spiral	bit	0.7633209906543078
4.7985858585858585	spiral	byte	0.7533324266000629
4.848939393939394	col	bit	0.7474662868278169
4.848939393939394	col	byte	0.7584646005283563
4.848939393939394	random	bit	0.9998257596060761
4.848939393939394	random	byte	0.9954911654557153
4.848939393939394	row	bit	0.7478909489538154
4.848939393939394	row	byte	0.7587252613712645
4.848939393939394	spacefill	bit	0.7072460563460617
4.848939393939394	spacefill	byte	0.7198877447281435
4.848939393939394	spiral	bit	0.7775125972679419
4.848939393939394	spiral	byte	0.7675531220203048
4.89929292929293	col	bit	0.7593650304998824
4.89929292929293	col	byte	0.770965519174356
4.89929292929293	random	bit	0.9999503844618198
4.89929292929293	random	byte	0.997154652857462
4.89929292929293	row	bit	0.7592447030529573
4.89929292929293	row	byte	0.7706155692143356
4.89929292929293	spacefill	bit	0.7195538352029667
4.89929292929293	spacefill	byte	0.7336723515625341
4.89929292929293	spiral	bit	0.788415123441115
4.89929292929293	spiral	byte	0.7781619690642143
4.949646464646465	col	bit	0.7697182696913132
4.949646464646465	col	byte	0.7821576740844481
4.949646464646465	random	bit	1.0
4.949646464646465	random	byte	0.9979127645413647
4.949646464646465	row	bit	0.7702558364671862
4.949646464646465	row	byte	0.7821815896874831
4.949646464646465	spacefill	bit	0.7319065415157039
4.949646464646465	spacefill	byte	0.7457187898315009
4.949646464646465	spiral	bit	0.7991086392762851
4.949646464646465	spiral	byte	0.7890656689215367
5.0	col	bit	0.7803078663677754
5.0	col	byte	0.7927005180185998
5.0	random	bit	1.0
5.0	random	byte	0.9984336240930741
5.0	row	bit	0.7800101731386946
5.0	row	byte	0.7924387831664715
5.0	spacefill	bit	0.7427168687360383
5.0	spacefill	byte	0.7569577686227127
5.0	spiral	bit	0.8084867573393882
5.0	spiral	byte	0.7982054838458634
